日期,开盘,收盘,最高,最低,成交量,成交额,振幅,涨跌幅,涨跌额,换手率
2021-01-04,6.1,6.3,6.32,6.07,295507,193114492.0,4.11,3.62,0.22,2.99
2021-01-05,6.2,6.25,6.3,6.15,265679,173096767.0,2.38,-0.79,-0.05,2.69
2021-01-06,6.23,6.04,6.24,6.0,261149,166727252.0,3.84,-3.36,-0.21,2.64
2021-01-07,6.05,5.88,6.05,5.84,263708,164149451.0,3.48,-2.65,-0.16,2.67
2021-01-08,5.86,5.75,5.89,5.72,250574,152367836.0,2.89,-2.21,-0.13,2.53
2021-01-11,5.75,5.56,5.79,5.55,292187,173742487.0,4.17,-3.3,-0.19,2.95
2021-01-12,5.55,5.58,5.63,5.52,181113,106413213.0,1.98,0.36,0.02,1.83
2021-01-13,5.58,5.72,5.74,5.55,233831,139306098.0,3.41,2.51,0.14,2.36
2021-01-14,5.63,5.62,5.64,5.48,207535,121775322.0,2.8,-1.75,-0.1,2.1
2021-01-15,5.65,5.56,5.66,5.5,163072,95733027.0,2.85,-1.07,-0.06,1.65
2021-01-18,5.69,5.85,5.89,5.66,377143,229777822.0,4.14,5.22,0.29,3.81
2021-01-19,5.75,5.75,5.85,5.71,214908,130575677.0,2.39,-1.71,-0.1,2.17
2021-01-20,5.74,5.95,5.99,5.68,329752,202331300.0,5.39,3.48,0.2,3.33
2021-01-21,5.9,6.3,6.51,5.88,729227,479038496.0,10.59,5.88,0.35,7.37
2021-01-22,6.32,6.2,6.38,6.17,544985,358139840.0,3.33,-1.59,-0.1,5.51
2021-01-25,6.43,6.31,6.61,6.26,728759,489781344.0,5.65,1.77,0.11,7.37
2021-01-26,6.2,6.58,6.6,6.16,645537,435126944.0,6.97,4.28,0.27,6.53
2021-01-27,6.5,6.29,6.5,6.04,541419,354807456.0,6.99,-4.41,-0.29,5.47
2021-01-28,6.17,6.21,6.48,6.17,487980,324234544.0,4.93,-1.27,-0.08,4.93
2021-01-29,6.35,6.43,6.47,6.12,585540,388354288.0,5.64,3.54,0.22,5.92
2021-02-01,6.34,6.62,6.66,6.22,619479,417037024.0,6.84,2.95,0.19,6.26
2021-02-02,6.57,6.56,6.64,6.4,575439,392042448.0,3.63,-0.91,-0.06,5.82
2021-02-03,6.48,6.29,6.75,6.23,682039,468201440.0,7.93,-4.12,-0.27,6.9
2021-02-04,6.16,5.88,6.23,5.72,600943,376964592.0,8.11,-6.52,-0.41,6.08
2021-02-05,5.82,5.58,5.87,5.51,408344,243740123.0,6.12,-5.1,-0.3,4.13
2021-02-08,5.56,5.66,5.73,5.51,181403,107694908.0,3.94,1.43,0.08,1.83
2021-02-09,5.66,5.95,6.0,5.65,319815,197775312.0,6.18,5.12,0.29,3.23
2021-02-10,5.93,5.93,6.02,5.84,225882,140963417.0,3.03,-0.34,-0.02,2.28
2021-02-18,6.15,6.14,6.22,6.04,291090,187411821.0,3.04,3.54,0.21,2.94
2021-02-19,6.14,6.28,6.32,6.1,300884,195987192.0,3.58,2.28,0.14,3.04
2021-02-22,6.48,6.75,6.94,6.41,1055362,748067728.0,8.44,7.48,0.47,10.67
2021-02-23,6.67,7.46,7.46,6.61,1069919,785275792.0,12.59,10.52,0.71,10.82
2021-02-24,7.44,6.95,7.56,6.95,1143139,850844144.0,8.18,-6.84,-0.51,11.56
2021-02-25,7.14,6.81,7.15,6.73,702823,508317632.0,6.04,-2.01,-0.14,7.11
2021-02-26,6.6,6.79,7.03,6.53,670548,477189472.0,7.34,-0.29,-0.02,6.78
2021-03-01,6.83,7.34,7.38,6.83,874194,649980256.0,8.1,8.1,0.55,8.84
2021-03-02,7.25,7.07,7.34,7.01,781358,580598768.0,4.5,-3.68,-0.27,7.9
2021-03-03,7.02,7.37,7.46,7.02,756988,569394576.0,6.22,4.24,0.3,7.65
2021-03-04,7.24,7.71,8.14,7.18,1371327,1104973808.0,13.03,4.61,0.34,13.86
2021-03-05,7.47,7.2,7.55,7.16,807399,617920544.0,5.06,-6.61,-0.51,8.16
2021-03-08,7.31,7.06,7.51,7.04,646186,491202624.0,6.53,-1.94,-0.14,6.53
2021-03-09,7.02,6.73,7.21,6.6,567578,405058560.0,8.64,-4.67,-0.33,5.74
2021-03-10,6.82,6.8,6.9,6.65,360357,254827454.0,3.71,1.04,0.07,3.64
2021-03-11,6.78,7.15,7.18,6.68,487715,355826000.0,7.35,5.15,0.35,4.93
2021-03-12,7.04,7.31,7.49,6.98,668444,507149264.0,7.13,2.24,0.16,6.76
2021-03-15,7.6,7.46,7.66,7.28,690906,536558352.0,5.2,2.05,0.15,6.99
2021-03-16,7.36,7.23,7.49,7.13,548638,414277632.0,4.83,-3.08,-0.23,5.55
2021-03-17,7.12,7.25,7.37,7.05,388367,291873248.0,4.43,0.28,0.02,3.93
2021-03-18,7.24,6.91,7.25,6.9,469313,344545760.0,4.83,-4.69,-0.34,4.74
2021-03-19,6.83,7.0,7.11,6.78,352466,256499965.0,4.78,1.3,0.09,3.56
2021-03-22,6.92,7.08,7.14,6.86,345123,253281292.0,4.0,1.14,0.08,3.49
2021-03-23,7.06,6.71,7.07,6.7,389100,276727184.0,5.23,-5.23,-0.37,3.93
2021-03-24,6.62,6.5,6.69,6.45,317767,217321140.0,3.58,-3.13,-0.21,3.21
2021-03-25,6.55,6.55,6.67,6.5,230122,158453270.0,2.62,0.77,0.05,2.33
2021-03-26,6.55,6.67,6.72,6.51,216841,149987137.0,3.21,1.83,0.12,2.19
2021-03-29,6.62,6.52,6.68,6.48,242630,166743981.0,3.0,-2.25,-0.15,2.45
2021-03-30,6.48,6.66,6.74,6.37,347070,238714508.0,5.67,2.15,0.14,3.51
2021-03-31,6.6,6.54,6.63,6.47,186747,127604970.0,2.4,-1.8,-0.12,1.89
2021-04-01,6.54,6.56,6.61,6.49,146524,100392537.0,1.83,0.31,0.02,1.48
2021-04-02,6.55,6.42,6.58,6.41,173680,117322643.0,2.59,-2.13,-0.14,1.76
2021-04-06,6.4,6.62,6.64,6.4,203560,139404175.0,3.74,3.12,0.2,2.06
2021-04-07,6.59,6.79,6.8,6.52,293523,205572457.0,4.23,2.57,0.17,2.97
2021-04-08,6.7,6.66,6.75,6.6,269199,187508138.0,2.21,-1.91,-0.13,2.72
2021-04-09,6.62,6.61,6.72,6.53,191458,132684321.0,2.85,-0.75,-0.05,1.94
2021-04-12,6.64,6.46,6.75,6.43,232708,160342061.0,4.84,-2.27,-0.15,2.35
2021-04-13,6.42,6.17,6.47,6.15,264861,173685858.0,4.95,-4.49,-0.29,2.68
2021-04-14,6.16,6.27,6.3,6.14,119152,77968612.0,2.59,1.62,0.1,1.2
2021-04-15,6.27,6.32,6.34,6.19,123720,81480978.0,2.39,0.8,0.05,1.25
2021-04-16,6.32,6.4,6.45,6.29,156406,104463184.0,2.53,1.27,0.08,1.58
2021-04-19,6.38,6.59,6.61,6.34,216849,148215511.0,4.22,2.97,0.19,2.19
2021-04-20,6.56,6.51,6.63,6.5,189233,129770883.0,1.97,-1.21,-0.08,1.91
2021-04-21,6.48,6.4,6.48,6.36,158971,106616284.0,1.84,-1.69,-0.11,1.61
2021-04-22,6.41,6.31,6.46,6.3,136370,90951598.0,2.5,-1.41,-0.09,1.38
2021-04-23,6.32,6.26,6.34,6.15,143706,93952151.0,3.01,-0.79,-0.05,1.45
2021-04-26,6.27,6.26,6.4,6.26,140222,92774608.0,2.24,0.0,0.0,1.42
2021-04-27,6.28,6.13,6.32,6.08,149322,96658455.0,3.83,-2.08,-0.13,1.51
2021-04-28,6.15,6.22,6.22,6.07,97637,62990899.0,2.45,1.47,0.09,0.99
2021-04-29,6.2,6.17,6.21,6.08,130602,84163321.0,2.09,-0.8,-0.05,1.32
2021-04-30,6.16,6.0,6.17,5.97,146416,92895803.0,3.24,-2.76,-0.17,1.48
2021-05-06,6.06,6.16,6.22,6.05,142106,91793057.0,2.83,2.67,0.16,1.44
2021-05-07,6.16,6.28,6.37,6.12,226819,149472252.0,4.06,1.95,0.12,2.29
2021-05-10,6.29,6.41,6.43,6.26,237160,157688902.0,2.71,2.07,0.13,2.4
2021-05-11,6.34,6.27,6.35,6.08,210919,137130362.0,4.21,-2.18,-0.14,2.13
2021-05-12,6.22,6.34,6.34,6.17,135667,89260640.0,2.71,1.12,0.07,1.37
2021-05-13,6.28,6.15,6.29,6.12,158415,102826781.0,2.68,-3.0,-0.19,1.6
2021-05-14,6.16,6.21,6.23,6.13,104562,67926087.0,1.63,0.98,0.06,1.06
2021-05-17,6.2,6.22,6.26,6.15,109891,71566113.0,1.77,0.16,0.01,1.11
2021-05-18,6.22,6.19,6.24,6.15,97007,62844705.0,1.45,-0.48,-0.03,0.98
2021-05-19,6.15,6.08,6.16,6.05,141245,90271466.0,1.78,-1.78,-0.11,1.43
2021-05-20,6.05,5.91,6.05,5.87,180569,112359207.0,2.96,-2.8,-0.17,1.83
2021-05-21,5.9,5.92,5.98,5.89,94684,58954911.0,1.52,0.17,0.01,0.96
2021-05-24,5.91,5.94,5.97,5.9,86764,54105742.0,1.18,0.34,0.02,0.88
2021-05-25,5.95,6.04,6.04,5.91,123639,77651403.0,2.19,1.68,0.1,1.25
2021-05-26,6.03,6.08,6.13,6.0,148620,94815571.0,2.15,0.66,0.04,1.5
2021-05-27,6.09,6.07,6.11,6.04,109187,69487172.0,1.15,-0.16,-0.01,1.1
2021-05-28,6.07,6.04,6.13,6.03,110839,70781282.0,1.65,-0.49,-0.03,1.12
2021-05-31,6.04,6.18,6.2,6.01,199116,128469418.0,3.15,2.32,0.14,2.01
2021-06-01,6.18,6.24,6.31,6.17,226151,148192780.0,2.27,0.97,0.06,2.29
2021-06-02,6.21,6.27,6.36,6.19,216321,142518077.0,2.72,0.48,0.03,2.19
2021-06-03,6.23,6.38,6.46,6.23,268103,179119622.0,3.67,1.75,0.11,2.71
2021-06-04,6.39,6.35,6.4,6.27,176009,116647946.0,2.04,-0.47,-0.03,1.78
2021-06-07,6.35,6.34,6.38,6.25,153831,101678793.0,2.05,-0.16,-0.01,1.56
2021-06-08,6.3,6.24,6.33,6.19,134446,87950496.0,2.21,-1.58,-0.1,1.36
2021-06-09,6.25,6.25,6.3,6.21,118097,77480409.0,1.44,0.16,0.01,1.19
2021-06-10,6.24,6.26,6.27,6.18,144050,94065846.0,1.44,0.16,0.01,1.46
2021-06-11,6.34,6.38,6.54,6.3,319877,214156285.0,3.83,1.92,0.12,3.23
2021-06-15,6.35,6.18,6.38,6.13,190350,124544490.0,3.92,-3.13,-0.2,1.92
2021-06-16,6.15,6.01,6.19,5.98,141094,89787782.0,3.4,-2.75,-0.17,1.43
2021-06-17,5.99,6.05,6.08,5.99,103387,65475068.0,1.5,0.67,0.04,1.05
2021-06-18,6.04,6.27,6.28,6.01,165610,107129783.0,4.46,3.64,0.22,1.67
2021-06-21,6.23,6.33,6.36,6.21,167711,110861772.0,2.39,0.96,0.06,1.7
2021-06-22,6.35,6.34,6.42,6.27,154928,102787358.0,2.37,0.16,0.01,1.57
2021-06-23,6.33,6.43,6.47,6.26,209513,140254297.0,3.31,1.42,0.09,2.12
2021-06-24,6.39,6.46,6.52,6.37,248440,167764261.0,2.33,0.47,0.03,2.51
2021-06-25,6.46,6.45,6.53,6.37,227854,151701017.0,2.48,-0.15,-0.01,2.3
2021-06-28,6.51,6.45,6.58,6.4,171661,114561662.0,2.79,0.0,0.0,1.74
2021-06-29,6.44,6.42,6.62,6.41,266386,179002708.0,3.26,-0.47,-0.03,2.69
2021-06-30,6.43,6.5,6.59,6.42,200293,134614605.0,2.65,1.25,0.08,2.02
2021-07-01,6.48,6.27,6.56,6.25,223096,147645740.0,4.77,-3.54,-0.23,2.26
2021-07-02,6.33,6.58,6.76,6.3,548235,372546032.0,7.34,4.94,0.31,5.54
2021-07-05,6.6,6.83,6.86,6.56,602681,420444704.0,4.56,3.8,0.25,6.09
2021-07-06,6.81,6.77,6.81,6.66,391929,271680160.0,2.2,-0.88,-0.06,3.96
2021-07-07,6.76,7.09,7.15,6.68,656711,470795136.0,6.94,4.73,0.32,6.64
2021-07-08,7.05,6.98,7.28,6.95,730465,531664752.0,4.65,-1.55,-0.11,7.39
2021-07-09,6.82,7.3,7.38,6.82,790713,583668944.0,8.02,4.58,0.32,7.99
2021-07-12,7.46,7.26,7.63,7.26,760185,576986208.0,5.07,-0.55,-0.04,7.69
2021-07-13,7.25,7.23,7.32,7.08,490296,361408672.0,3.31,-0.41,-0.03,4.96
2021-07-14,7.2,7.04,7.2,6.99,396961,289206640.0,2.9,-2.63,-0.19,4.01
2021-07-15,6.97,7.26,7.33,6.81,666653,485289456.0,7.39,3.13,0.22,6.74
2021-07-16,7.15,7.14,7.36,7.01,504103,372922528.0,4.82,-1.65,-0.12,5.1
2021-07-19,7.07,7.15,7.49,7.07,510579,381104208.0,5.88,0.14,0.01,5.16
2021-07-20,7.03,7.43,7.46,6.99,589268,443510304.0,6.57,3.92,0.28,5.96
2021-07-21,7.4,7.66,7.74,7.29,752866,580383440.0,6.06,3.1,0.23,7.61
2021-07-22,7.61,7.67,7.87,7.4,742120,584190656.0,6.14,0.13,0.01,7.5
2021-07-23,7.77,8.32,8.46,7.7,1313006,1098369184.0,9.91,8.47,0.65,13.27
2021-07-26,8.49,8.0,8.49,7.84,1000926,835198528.0,7.81,-3.85,-0.32,10.12
2021-07-27,8.15,7.74,8.47,7.6,1061496,891354192.0,10.88,-3.25,-0.26,10.73
2021-07-28,7.6,8.53,8.53,7.59,1450551,1249459648.0,12.14,10.21,0.79,14.67
2021-07-29,8.3,9.2,9.4,8.15,2162534,1951588784.0,14.65,7.85,0.67,21.86
2021-07-30,9.05,10.14,10.14,9.05,1895237,1909525824.0,11.85,10.22,0.94,19.16
2021-08-02,10.13,9.93,10.35,9.64,1571697,1596509872.0,7.0,-2.07,-0.21,15.89
2021-08-03,9.73,9.25,9.85,8.98,1171032,1121605360.0,8.76,-6.85,-0.68,11.84
2021-08-04,9.39,9.68,9.76,9.19,1009192,976574464.0,6.16,4.65,0.43,10.2
2021-08-05,9.4,9.21,9.47,9.1,766613,724049568.0,3.82,-4.86,-0.47,7.75
2021-08-06,9.18,10.0,10.05,9.18,1046050,1040732304.0,9.45,8.58,0.79,10.58
2021-08-09,9.84,9.85,9.85,9.33,862777,844654624.0,5.2,-1.5,-0.15,8.72
2021-08-10,10.86,10.86,10.86,10.86,366237,405058272.0,0.0,10.25,1.01,3.7
2021-08-11,11.97,11.97,11.97,11.97,147098,179017828.0,0.0,10.22,1.11,1.49
2021-08-12,12.73,13.19,13.19,12.35,1971066,2559695296.0,7.02,10.19,1.22,19.93
2021-08-13,12.76,12.88,13.34,12.46,1547442,2021176672.0,6.67,-2.35,-0.31,15.64
2021-08-16,12.8,11.62,12.87,11.61,1236334,1510277744.0,9.78,-9.78,-1.26,12.5
2021-08-17,11.8,11.44,12.2,11.27,1062898,1270511472.0,8.0,-1.55,-0.18,10.75
2021-08-18,11.44,11.6,11.72,11.24,834357,975132448.0,4.2,1.4,0.16,8.44
2021-08-19,11.5,11.39,12.03,10.97,904131,1058393408.0,9.14,-1.81,-0.21,9.14
2021-08-20,11.49,11.86,12.1,11.17,944000,1118485024.0,8.17,4.13,0.47,9.54
2021-08-23,12.03,12.45,13.07,11.55,1305949,1607409680.0,12.82,4.97,0.59,13.2
2021-08-24,12.2,12.15,13.29,12.09,1128687,1450659904.0,9.64,-2.41,-0.3,11.41
2021-08-25,11.93,12.07,12.5,11.89,780388,966840768.0,5.02,-0.66,-0.08,7.89
2021-08-26,12.01,12.1,12.47,11.74,764012,939092512.0,6.05,0.25,0.03,7.72
2021-08-27,12.03,13.33,13.33,11.95,1144082,1494747712.0,11.4,10.17,1.23,11.57
2021-08-30,13.6,13.98,14.43,13.42,1168497,1639826800.0,7.58,4.88,0.65,11.81
2021-08-31,13.65,13.56,13.69,12.92,942662,1272539072.0,5.51,-3.0,-0.42,9.53
2021-09-01,13.58,12.18,13.95,12.18,924992,1206417600.0,13.05,-10.18,-1.38,9.35
2021-09-02,11.75,12.13,12.55,11.58,769263,936102848.0,7.96,-0.41,-0.05,7.78
2021-09-03,11.99,11.63,12.58,11.57,729777,893725840.0,8.33,-4.12,-0.5,7.38
2021-09-06,11.64,11.86,11.91,11.16,548432,644864752.0,6.45,1.98,0.23,5.54
2021-09-07,11.8,12.29,12.35,11.66,594865,727004096.0,5.82,3.63,0.43,6.01
2021-09-08,12.15,11.99,12.32,11.92,425864,523579744.0,3.25,-2.44,-0.3,4.31
2021-09-09,11.88,12.1,12.23,11.71,449008,546443376.0,4.34,0.92,0.11,4.54
2021-09-10,12.05,12.77,13.0,11.81,897627,1136486496.0,9.83,5.54,0.67,9.08
2021-09-13,12.51,12.4,12.94,12.15,649543,823498656.0,6.19,-2.9,-0.37,6.57
2021-09-14,12.13,12.69,13.24,11.86,798214,1025095168.0,11.13,2.34,0.29,8.07
2021-09-15,12.63,13.23,13.26,12.52,756512,1001952624.0,5.83,4.26,0.54,7.65
2021-09-16,13.26,12.05,13.26,11.89,783373,996789520.0,10.36,-8.92,-1.18,7.92
2021-09-17,11.9,11.56,12.28,11.11,526661,624932608.0,9.71,-4.07,-0.49,5.32
2021-09-22,11.28,11.4,11.54,11.21,274304,317591632.0,2.85,-1.38,-0.16,2.77
2021-09-23,11.5,11.55,11.69,11.13,348870,407541856.0,4.91,1.32,0.15,3.53
2021-09-24,11.69,11.05,11.99,11.0,350210,410299008.0,8.57,-4.33,-0.5,3.54
2021-09-27,10.97,9.93,10.97,9.93,495445,514688032.0,9.41,-10.14,-1.12,5.01
2021-09-28,9.79,9.68,9.92,9.43,500632,493962768.0,4.93,-2.52,-0.25,5.06
2021-09-29,9.61,9.45,9.92,9.34,347638,340550128.0,5.99,-2.38,-0.23,3.51
2021-09-30,9.47,9.85,9.89,9.47,309616,308446320.0,4.44,4.23,0.4,3.13
2021-10-08,10.15,9.92,10.28,9.63,268143,270392048.0,6.6,0.71,0.07,2.71
2021-10-11,10.03,10.36,10.55,9.7,362007,378078624.0,8.57,4.44,0.44,3.66
2021-10-12,10.34,10.02,10.48,9.87,277122,286005232.0,5.89,-3.28,-0.34,2.8
2021-10-13,10.02,10.36,10.44,9.92,263924,274966400.0,5.19,3.39,0.34,2.67
2021-10-14,10.36,10.53,10.68,10.2,239172,255616573.0,4.63,1.64,0.17,2.42
2021-10-15,10.41,10.43,10.61,10.34,194062,207187341.0,2.56,-0.95,-0.1,1.96
2021-10-18,10.34,11.0,11.09,10.34,324021,357380640.0,7.19,5.47,0.57,3.28
2021-10-19,11.06,10.87,11.13,10.78,286203,318877072.0,3.18,-1.18,-0.13,2.89
2021-10-20,10.8,10.95,11.2,10.71,212878,238739791.0,4.51,0.74,0.08,2.15
2021-10-21,11.07,11.05,11.35,10.9,254861,287848224.0,4.11,0.91,0.1,2.58
2021-10-22,10.95,10.75,11.16,10.7,245211,272746928.0,4.16,-2.71,-0.3,2.48
2021-10-25,10.7,11.07,11.17,10.64,259599,289236896.0,4.93,2.98,0.32,2.62
2021-10-26,11.06,11.11,11.39,11.01,307430,349255200.0,3.43,0.36,0.04,3.11
2021-10-27,11.06,10.91,11.23,10.81,253214,283217248.0,3.78,-1.8,-0.2,2.56
2021-10-28,10.85,10.14,10.97,10.07,435217,457993520.0,8.25,-7.06,-0.77,4.4
2021-10-29,10.14,10.28,10.56,10.04,281435,294097392.0,5.13,1.38,0.14,2.85
2021-11-01,10.1,10.0,10.28,9.9,395937,405982560.0,3.7,-2.72,-0.28,4.0
2021-11-02,10.02,9.78,10.2,9.5,371522,372694832.0,7.0,-2.2,-0.22,3.76
2021-11-03,9.69,9.7,9.81,9.4,301808,295308736.0,4.19,-0.82,-0.08,3.05
2021-11-04,9.7,10.11,10.17,9.56,338197,344782784.0,6.29,4.23,0.41,3.42
2021-11-05,10.08,10.93,11.14,10.08,985732,1104428080.0,10.48,8.11,0.82,9.97
2021-11-08,10.77,10.83,11.13,10.55,704910,778246416.0,5.31,-0.91,-0.1,7.13
2021-11-09,10.87,10.73,10.91,10.63,358685,392259776.0,2.59,-0.92,-0.1,3.63
2021-11-10,10.63,10.4,10.73,10.15,423221,448345856.0,5.41,-3.08,-0.33,4.28
2021-11-11,10.32,10.15,10.44,10.08,361351,376419280.0,3.46,-2.4,-0.25,3.65
2021-11-12,10.15,10.33,10.54,10.14,335897,354112192.0,3.94,1.77,0.18,3.4
2021-11-15,10.37,10.38,10.8,10.32,370423,396307040.0,4.65,0.48,0.05,3.74
2021-11-16,10.38,10.7,11.09,10.21,650343,716271296.0,8.48,3.08,0.32,6.58
2021-11-17,10.86,11.79,11.79,10.86,510168,594785920.0,8.69,10.19,1.09,5.16
2021-11-18,12.3,12.63,12.86,12.15,1402796,1789735088.0,6.02,7.12,0.84,14.18
2021-11-19,12.31,12.03,12.4,11.88,830724,1021980256.0,4.12,-4.75,-0.6,8.4
2021-11-22,12.03,12.81,13.07,11.94,993126,1259806736.0,9.39,6.48,0.78,10.04
2021-11-23,13.8,13.43,14.11,13.25,1296329,1800310288.0,6.71,4.84,0.62,13.11
2021-11-24,13.54,14.25,14.79,13.44,1542765,2240737168.0,10.05,6.11,0.82,15.6
2021-11-25,14.22,14.39,15.05,13.88,1247465,1844066880.0,8.21,0.98,0.14,12.61
2021-11-26,14.55,14.79,15.3,14.2,1112374,1675549984.0,7.64,2.78,0.4,11.25
2021-11-29,14.7,15.57,16.1,14.38,1115770,1739166768.0,11.63,5.27,0.78,11.28
2021-11-30,15.79,16.01,16.79,14.79,1151499,1808644992.0,12.85,2.83,0.44,11.64
2021-12-01,15.75,15.27,16.14,14.8,962293,1491972112.0,8.37,-4.62,-0.74,9.73
2021-12-02,15.03,15.14,15.59,14.79,913127,1400884736.0,5.24,-0.85,-0.13,9.23
2021-12-03,14.98,14.93,15.43,14.6,676016,1027612960.0,5.48,-1.39,-0.21,6.83
2021-12-06,14.69,14.8,15.15,14.49,633376,952159440.0,4.42,-0.87,-0.13,6.4
2021-12-07,14.75,13.9,14.75,13.55,786212,1111849024.0,8.11,-6.08,-0.9,7.95
2021-12-08,13.86,13.82,14.12,13.75,531106,750262544.0,2.66,-0.58,-0.08,5.37
2021-12-09,13.83,13.31,13.89,13.3,692447,949142032.0,4.27,-3.69,-0.51,7.0
2021-12-10,13.42,13.25,13.5,13.13,465173,628454144.0,2.78,-0.45,-0.06,4.7
2021-12-13,13.25,13.31,13.46,13.16,422908,571450896.0,2.26,0.45,0.06,4.28
2021-12-14,13.36,13.14,13.41,12.93,522264,696646480.0,3.61,-1.28,-0.17,5.28
2021-12-15,13.07,13.56,13.89,13.07,958080,1320238848.0,6.24,3.2,0.42,9.69
2021-12-16,13.58,13.24,13.72,13.16,646918,876100720.0,4.13,-2.36,-0.32,6.54
2021-12-17,13.11,12.49,13.19,12.41,764778,985400240.0,5.89,-5.66,-0.75,7.73
2021-12-20,12.42,12.54,12.94,12.25,572643,730516112.0,5.52,0.4,0.05,5.79
2021-12-21,12.45,12.84,13.19,12.45,615591,809085344.0,5.9,2.39,0.3,6.22
2021-12-22,12.75,12.81,13.17,12.68,403345,528764416.0,3.82,-0.23,-0.03,4.08
2021-12-23,12.97,12.6,13.05,12.55,350642,452544752.0,3.9,-1.64,-0.21,3.55
2021-12-24,12.6,11.97,12.73,11.88,547690,679548192.0,6.75,-5.0,-0.63,5.54
2021-12-27,12.02,12.23,12.39,11.86,357926,444504832.0,4.43,2.17,0.26,3.62
2021-12-28,12.33,12.41,12.44,12.02,295716,367559712.0,3.43,1.47,0.18,2.99
2021-12-29,12.3,12.25,12.42,12.14,278303,346655872.0,2.26,-1.29,-0.16,2.81
2021-12-30,13.5,13.19,13.5,12.97,1263983,1708714336.0,4.33,7.67,0.94,12.78
2021-12-31,13.04,13.01,13.5,12.6,1016157,1345187008.0,6.82,-1.36,-0.18,10.27
2022-01-04,12.93,12.87,13.27,12.78,694969,917682240.0,3.77,-1.08,-0.14,7.03
2022-01-05,12.8,12.38,12.99,12.32,481915,615741808.0,5.21,-3.81,-0.49,4.87
2022-01-06,12.35,12.56,12.67,12.3,340737,432969040.0,2.99,1.45,0.18,3.44
2022-01-07,12.54,11.92,12.6,11.82,482372,594917872.0,6.21,-5.1,-0.64,4.88
2022-01-10,11.78,11.74,11.98,11.67,305003,365906640.0,2.6,-1.51,-0.18,3.08
2022-01-11,11.71,11.47,11.79,11.4,328203,385784336.0,3.32,-2.3,-0.27,3.32
2022-01-12,11.59,11.72,11.74,11.53,247982,293652688.0,1.83,2.18,0.25,2.51
2022-01-13,12.0,11.6,12.03,11.5,331610,393982224.0,4.52,-1.02,-0.12,3.35
2022-01-14,11.45,11.74,11.88,11.4,271965,322998960.0,4.14,1.21,0.14,2.75
2022-01-17,11.66,12.08,12.1,11.45,362764,437564144.0,5.54,2.9,0.34,3.67
2022-01-18,12.25,12.17,12.47,12.02,421487,526430832.0,3.73,0.75,0.09,4.26
2022-01-19,11.99,11.85,12.19,11.65,279815,338256624.0,4.44,-2.63,-0.32,2.83
2022-01-20,11.93,11.5,11.94,11.46,223823,264658348.0,4.05,-2.95,-0.35,2.26
2022-01-21,11.79,11.5,11.82,11.41,273147,323034896.0,3.57,0.0,0.0,2.76
2022-01-24,11.4,11.97,12.07,11.28,312644,372479856.0,6.87,4.09,0.47,3.16
2022-01-25,11.92,11.29,11.98,11.24,280323,329859856.0,6.18,-5.68,-0.68,2.83
2022-01-26,11.26,11.17,11.42,10.95,205373,232747070.0,4.16,-1.06,-0.12,2.08
2022-01-27,11.06,10.81,11.43,10.81,189567,213385169.0,5.55,-3.22,-0.36,1.92
2022-01-28,11.04,11.07,11.49,10.79,288425,326401344.0,6.48,2.41,0.26,2.92
2022-02-07,11.3,11.47,11.67,11.21,246365,288174144.0,4.16,3.61,0.4,2.49
2022-02-08,11.44,11.34,11.45,11.03,219387,250423109.0,3.66,-1.13,-0.13,2.22
2022-02-09,11.35,11.71,11.73,11.2,308004,361369760.0,4.67,3.26,0.37,3.11
2022-02-10,11.69,11.92,12.12,11.65,356352,431236784.0,4.01,1.79,0.21,3.6
2022-02-11,11.82,11.53,11.88,11.47,257549,305384720.0,3.44,-3.27,-0.39,2.6
2022-02-14,11.4,12.02,12.15,11.36,381528,462380496.0,6.85,4.25,0.49,3.86
2022-02-15,12.18,12.05,12.25,11.84,286537,350628336.0,3.41,0.25,0.03,2.9
2022-02-16,12.19,12.44,12.67,12.1,467996,591936976.0,4.73,3.24,0.39,4.73
2022-02-17,12.29,12.29,12.53,12.21,342479,429441008.0,2.57,-1.21,-0.15,3.46
2022-02-18,12.12,12.22,12.25,11.99,242223,298149616.0,2.12,-0.57,-0.07,2.45
2022-02-21,12.2,12.41,12.62,12.18,312508,395642832.0,3.6,1.55,0.19,3.16
2022-02-22,12.3,12.67,12.69,12.22,423716,539669280.0,3.79,2.1,0.26,4.28
2022-02-23,12.59,13.28,13.96,12.5,739054,1002226032.0,11.52,4.81,0.61,7.47
2022-02-24,13.43,13.37,14.12,12.73,1109412,1521579392.0,10.47,0.68,0.09,11.22
2022-02-25,13.5,13.21,13.64,13.05,712747,966277136.0,4.41,-1.2,-0.16,7.21
2022-02-28,13.06,13.13,13.21,12.74,472527,623713072.0,3.56,-0.61,-0.08,4.78
2022-03-01,13.14,12.78,13.17,12.52,518130,671080000.0,4.95,-2.67,-0.35,5.24
2022-03-02,12.6,12.57,12.69,12.4,307709,392024336.0,2.27,-1.64,-0.21,3.11
2022-03-03,12.61,12.62,12.7,12.49,317972,406577536.0,1.67,0.4,0.05,3.21
2022-03-04,12.49,12.18,12.74,12.1,382743,483732000.0,5.07,-3.49,-0.44,3.87
2022-03-07,12.02,11.86,12.38,11.68,325645,397006608.0,5.75,-2.63,-0.32,3.29
2022-03-08,12.05,11.35,12.15,11.24,373528,440158544.0,7.67,-4.3,-0.51,3.78
2022-03-09,11.38,11.25,11.48,10.74,286329,324744768.0,6.52,-0.88,-0.1,2.89
2022-03-10,11.64,11.39,11.66,11.35,251935,294484000.0,2.76,1.24,0.14,2.55
2022-03-11,11.18,11.5,11.61,10.91,293811,334292912.0,6.15,0.97,0.11,2.97
2022-03-14,11.33,11.17,11.52,11.17,186558,215473509.0,3.04,-2.87,-0.33,1.89
2022-03-15,11.1,10.62,11.22,10.61,267146,297405152.0,5.46,-4.92,-0.55,2.7
2022-03-16,10.8,11.06,11.13,10.35,312921,342878576.0,7.34,4.14,0.44,3.16
2022-03-17,11.27,11.24,11.5,11.2,329722,380471760.0,2.71,1.63,0.18,3.33
2022-03-18,11.28,11.11,11.33,10.92,258602,292396768.0,3.65,-1.16,-0.13,2.61
2022-03-21,11.28,11.45,11.53,11.12,334418,387238688.0,3.69,3.06,0.34,3.38
2022-03-22,11.4,11.36,11.51,11.2,186320,215946094.0,2.71,-0.79,-0.09,1.88
2022-03-23,11.41,11.44,11.55,11.3,159037,184904613.0,2.2,0.7,0.08,1.61
2022-03-24,11.37,11.19,11.4,11.07,175460,199762287.0,2.88,-2.19,-0.25,1.77
2022-03-25,11.41,11.16,11.45,11.08,207577,238269795.0,3.31,-0.27,-0.03,2.1
2022-03-28,11.01,10.82,11.01,10.66,191228,210305343.0,3.14,-3.05,-0.34,1.93
2022-03-29,10.9,10.61,10.9,10.53,142293,155095385.0,3.42,-1.94,-0.21,1.44
2022-03-30,10.7,11.2,11.3,10.68,309128,348245056.0,5.84,5.56,0.59,3.13
2022-03-31,11.15,10.83,11.2,10.68,270612,299907952.0,4.64,-3.3,-0.37,2.74
2022-04-01,10.83,10.81,10.91,10.65,135997,149428275.0,2.4,-0.18,-0.02,1.37
2022-04-06,10.8,10.43,10.81,10.36,275170,293336448.0,4.16,-3.52,-0.38,2.78
2022-04-07,10.29,10.16,10.42,10.16,211890,221407634.0,2.49,-2.59,-0.27,2.14
2022-04-08,10.12,9.96,10.23,9.88,173602,177041022.0,3.44,-1.97,-0.2,1.76
2022-04-11,9.86,9.32,9.94,9.29,344149,332929632.0,6.53,-6.43,-0.64,3.48
2022-04-12,9.32,9.62,9.64,9.2,230748,222096245.0,4.72,3.22,0.3,2.33
2022-04-13,9.68,9.29,9.68,9.29,166511,159905792.0,4.05,-3.43,-0.33,1.68
2022-04-14,9.39,9.35,9.47,9.28,153138,146613989.0,2.05,0.65,0.06,1.55
2022-04-15,9.35,9.24,9.36,9.1,151035,142446670.0,2.78,-1.18,-0.11,1.53
2022-04-18,9.13,9.34,9.41,8.93,169822,159846287.0,5.19,1.08,0.1,1.72
2022-04-19,9.37,9.5,9.65,9.31,203047,197838921.0,3.64,1.71,0.16,2.05
2022-04-20,9.5,9.2,9.61,9.15,152351,145852737.0,4.84,-3.16,-0.3,1.54
2022-04-21,9.2,8.86,9.28,8.79,186450,171864691.0,5.33,-3.7,-0.34,1.89
2022-04-22,8.74,8.64,8.81,8.5,149623,132586140.0,3.5,-2.48,-0.22,1.51
2022-04-25,8.4,7.83,8.42,7.8,240205,199563227.0,7.18,-9.38,-0.81,2.43
2022-04-26,7.77,7.63,8.03,7.6,194473,155947819.0,5.49,-2.55,-0.2,1.97
2022-04-27,7.59,8.31,8.38,7.53,254373,207963272.0,11.14,8.91,0.68,2.57
2022-04-28,8.31,8.18,8.44,8.11,235219,198989052.0,3.97,-1.56,-0.13,2.38
2022-04-29,8.03,8.35,8.45,7.87,343382,287270880.0,7.09,2.08,0.17,3.47
2022-05-05,8.31,8.34,8.52,8.2,215869,184771890.0,3.83,-0.12,-0.01,2.18
2022-05-06,8.01,8.08,8.15,7.92,194452,160249029.0,2.76,-3.12,-0.26,1.97
2022-05-09,8.18,8.44,8.54,8.01,286541,246339280.0,6.56,4.46,0.36,2.9
2022-05-10,8.3,8.58,8.63,8.17,206743,179185610.0,5.45,1.66,0.14,2.09
2022-05-11,8.52,8.71,9.07,8.52,312628,282062992.0,6.41,1.52,0.13,3.16
2022-05-12,8.73,8.72,8.85,8.54,205644,183055698.0,3.56,0.11,0.01,2.08
2022-05-13,8.76,8.68,8.81,8.58,158419,140719609.0,2.64,-0.46,-0.04,1.6
2022-05-16,8.74,8.66,8.94,8.61,166567,149100874.0,3.8,-0.23,-0.02,1.68
2022-05-17,8.68,8.86,8.9,8.52,191651,171455037.0,4.39,2.31,0.2,1.94
2022-05-18,8.87,8.91,9.01,8.77,188003,170882586.0,2.71,0.56,0.05,1.9
2022-05-19,8.74,9.0,9.16,8.71,244278,222959455.0,5.05,1.01,0.09,2.47
2022-05-20,9.14,9.57,9.59,8.97,447551,426431376.0,6.89,6.33,0.57,4.52
2022-05-23,9.6,9.5,9.67,9.32,374641,362381728.0,3.66,-0.73,-0.07,3.79
2022-05-24,9.5,8.96,9.52,8.95,283303,268565104.0,6.0,-5.68,-0.54,2.86
2022-05-25,8.96,9.11,9.13,8.93,168453,155582052.0,2.23,1.67,0.15,1.7
2022-05-26,9.09,9.15,9.35,8.89,206793,193071842.0,5.05,0.44,0.04,2.09
2022-05-27,9.23,9.15,9.33,9.05,154556,145026337.0,3.06,0.0,0.0,1.56
2022-05-30,9.19,9.11,9.21,9.03,135984,126711277.0,1.97,-0.44,-0.04,1.37
2022-05-31,9.08,9.36,9.44,8.97,200885,188732973.0,5.16,2.74,0.25,2.03
2022-06-01,9.34,9.33,9.44,9.26,157876,150781430.0,1.92,-0.32,-0.03,1.6
2022-06-02,9.33,9.73,9.82,9.25,317140,312433072.0,6.11,4.29,0.4,3.21
2022-06-06,9.82,10.1,10.2,9.77,298433,306448976.0,4.42,3.8,0.37,3.02
2022-06-07,10.03,9.87,10.09,9.79,217041,219108325.0,2.97,-2.28,-0.23,2.19
2022-06-08,9.88,9.99,10.03,9.67,211895,211539581.0,3.65,1.22,0.12,2.14
2022-06-09,10.08,9.83,10.08,9.76,148567,148353657.0,3.2,-1.6,-0.16,1.5
2022-06-10,9.75,10.6,10.75,9.7,454238,473507424.0,10.68,7.83,0.77,4.59
2022-06-13,10.57,10.61,10.83,10.43,392678,421554544.0,3.77,0.09,0.01,3.97
2022-06-14,10.5,10.49,10.58,10.19,286385,300662944.0,3.68,-1.13,-0.12,2.9
2022-06-15,10.42,10.46,10.82,10.32,360902,384582896.0,4.77,-0.29,-0.03,3.65
2022-06-16,10.47,10.6,10.94,10.47,256409,276503120.0,4.49,1.34,0.14,2.59
2022-06-17,10.46,11.67,11.67,10.4,536684,605282016.0,11.98,10.09,1.07,5.43
2022-06-20,12.18,11.84,12.18,11.43,894433,1067648560.0,6.43,1.46,0.17,9.04
2022-06-21,11.83,11.81,12.26,11.5,690351,830709024.0,6.42,-0.25,-0.03,6.98
2022-06-22,11.82,11.19,11.94,11.06,521063,605441504.0,7.45,-5.25,-0.62,5.27
2022-06-23,11.23,11.83,12.05,11.21,516060,605722544.0,7.51,5.72,0.64,5.22
2022-06-24,12.03,12.27,12.38,11.76,557415,679171104.0,5.24,3.72,0.44,5.64
2022-06-27,12.36,12.4,12.81,12.25,525152,661266816.0,4.56,1.06,0.13,5.31
2022-06-28,12.27,13.14,13.4,12.27,616975,806833200.0,9.11,5.97,0.74,6.24
2022-06-29,12.9,12.32,13.4,12.3,574749,737601200.0,8.37,-6.24,-0.82,5.81
2022-06-30,12.5,12.5,12.79,12.2,363843,459972896.0,4.79,1.46,0.18,3.68
2022-07-01,12.43,12.27,12.51,12.05,319669,394986736.0,3.68,-1.84,-0.23,3.23
2022-07-04,12.35,12.46,12.68,12.03,296480,369042592.0,5.3,1.55,0.19,3.0
2022-07-05,12.75,13.13,13.54,12.74,621920,827173104.0,6.42,5.38,0.67,6.29
2022-07-06,12.9,13.2,13.44,12.85,484178,642911296.0,4.49,0.53,0.07,4.9
2022-07-07,13.22,13.29,13.35,12.79,288827,382162752.0,4.24,0.68,0.09,2.92
2022-07-08,13.27,12.71,13.36,12.7,273292,355615440.0,4.97,-4.36,-0.58,2.76
2022-07-11,12.56,12.02,12.78,11.81,463646,567078944.0,7.63,-5.43,-0.69,4.69
2022-07-12,12.05,11.72,12.29,11.7,276331,333459911.0,4.91,-2.5,-0.3,2.79
2022-07-13,11.82,11.79,11.99,11.51,223382,264606168.0,4.1,0.6,0.07,2.26
2022-07-14,11.72,12.35,12.4,11.66,281037,343760745.0,6.28,4.75,0.56,2.84
2022-07-15,12.36,12.88,13.39,12.26,544147,715327082.0,9.15,4.29,0.53,5.5
2022-07-18,12.88,12.8,13.07,12.43,307558,396106178.0,4.97,-0.62,-0.08,3.11
2022-07-19,12.78,13.2,13.75,12.68,457573,614500155.0,8.36,3.13,0.4,4.63
2022-07-20,13.18,13.11,13.21,12.86,238718,313603096.0,2.65,-0.68,-0.09,2.41
2022-07-21,13.02,13.01,13.22,12.73,190841,250116863.0,3.74,-0.76,-0.1,1.93
2022-07-22,13.01,12.94,13.2,12.7,201047,261226333.0,3.84,-0.54,-0.07,2.03
2022-07-25,12.9,12.7,13.0,12.54,198359,254556103.0,3.55,-1.85,-0.24,2.01
2022-07-26,12.57,12.84,13.0,12.38,176590,226581385.0,4.88,1.1,0.14,1.79
2022-07-27,12.87,13.68,13.76,12.75,491890,667388284.0,7.87,6.54,0.84,4.97
2022-07-28,13.88,13.93,14.29,13.69,450679,632533254.0,4.39,1.83,0.25,4.56
2022-07-29,14.1,14.2,14.43,13.82,412242,585835513.0,4.38,1.94,0.27,4.17
2022-08-01,14.11,14.19,14.23,13.84,309438,438210689.0,2.75,-0.07,-0.01,3.13
2022-08-02,13.91,13.35,13.94,13.06,497043,672489138.0,6.2,-5.92,-0.84,5.03
2022-08-03,14.0,13.42,14.28,13.1,574541,799847683.0,8.84,0.52,0.07,5.81
2022-08-04,13.41,13.1,13.64,12.86,297026,394206345.0,5.81,-2.38,-0.32,3.0
2022-08-05,13.14,12.88,13.21,12.53,327160,423375817.0,5.19,-1.68,-0.22,3.31
2022-08-08,12.85,13.07,13.37,12.62,325175,425662561.0,5.82,1.48,0.19,3.29
2022-08-09,13.01,14.26,14.35,13.01,589408,822919706.0,10.25,9.1,1.19,5.96
2022-08-10,14.12,13.96,14.28,13.73,327084,460296863.0,3.86,-2.1,-0.3,3.31
2022-08-11,13.99,13.85,14.04,13.46,383115,530814691.0,4.15,-0.79,-0.11,3.87
2022-08-12,14.01,14.12,14.77,13.91,599517,866482044.0,6.21,1.95,0.27,6.06
2022-08-15,14.14,14.5,15.05,13.92,777597,1135037102.0,8.0,2.69,0.38,7.86
2022-08-16,14.4,13.65,14.65,13.3,798874,1117363265.0,9.31,-5.86,-0.85,8.08
2022-08-17,13.46,13.62,13.71,13.28,385317,524220884.0,3.15,-0.22,-0.03,3.9
2022-08-18,13.62,13.75,14.0,13.41,418280,580863990.0,4.33,0.95,0.13,4.23
2022-08-19,13.7,12.92,13.8,12.9,547030,725835706.0,6.55,-6.04,-0.83,5.53
2022-08-22,12.76,13.25,13.33,12.63,318602,417156451.0,5.42,2.55,0.33,3.22
2022-08-23,13.2,13.28,13.51,13.06,301207,402273469.0,3.4,0.23,0.03,3.05
2022-08-24,13.27,12.43,13.28,12.4,383106,490467008.0,6.63,-6.4,-0.85,3.87
2022-08-25,12.7,12.32,12.7,11.83,295516,361654123.0,7.0,-0.88,-0.11,2.99
2022-08-26,12.31,12.21,12.5,12.0,180024,223702748.0,4.06,-0.89,-0.11,1.82
2022-08-29,11.9,12.1,12.24,11.83,144562,175797362.0,3.36,-0.9,-0.11,1.46
2022-08-30,12.11,12.27,12.4,12.03,183555,226648741.0,3.06,1.4,0.17,1.86
2022-08-31,12.27,11.8,12.53,11.76,221268,269518044.0,6.28,-3.83,-0.47,2.24
2022-09-01,11.91,11.86,12.19,11.75,140032,169515395.0,3.73,0.51,0.06,1.42
2022-09-02,11.89,11.86,11.99,11.49,139863,166187086.0,4.22,0.0,0.0,1.41
2022-09-05,11.84,11.96,12.09,11.68,113410,136589575.0,3.46,0.84,0.1,1.15
2022-09-06,11.99,12.25,12.27,11.76,183351,223162457.0,4.26,2.42,0.29,1.85
2022-09-07,12.18,12.3,12.49,12.12,142880,177492692.0,3.02,0.41,0.05,1.44
2022-09-08,12.4,12.02,12.4,11.98,110216,135111698.0,3.41,-2.28,-0.28,1.11
2022-09-09,12.05,11.91,12.15,11.85,114746,138330811.0,2.5,-0.92,-0.11,1.16
2022-09-13,12.0,11.86,12.1,11.81,108852,130657742.0,2.43,-0.42,-0.05,1.1
2022-09-14,11.73,11.59,11.79,11.52,115844,135658968.0,2.28,-2.28,-0.27,1.17
2022-09-15,11.65,10.9,11.69,10.7,247136,274758328.0,8.54,-5.95,-0.69,2.5
2022-09-16,10.93,10.6,10.98,10.57,110963,120374746.0,3.76,-2.75,-0.3,1.12
2022-09-19,10.5,10.53,10.67,10.4,108804,115831112.0,2.55,-0.66,-0.07,1.1
2022-09-20,10.62,10.99,11.08,10.61,156639,172640002.0,4.46,4.37,0.46,1.58
2022-09-21,10.99,11.09,11.23,10.89,161436,180482508.0,3.09,0.91,0.1,1.63
2022-09-22,10.98,11.2,11.36,10.92,112599,127639315.0,3.97,0.99,0.11,1.14
2022-09-23,11.2,11.05,11.48,10.75,203601,228106126.0,6.52,-1.34,-0.15,2.06
2022-09-26,10.91,10.91,11.12,10.71,136739,150379450.0,3.71,-1.27,-0.14,1.38
2022-09-27,10.92,11.0,11.09,10.74,92693,101896501.0,3.21,0.82,0.09,0.94
2022-09-28,11.01,10.58,11.02,10.58,112502,122110865.0,4.0,-3.82,-0.42,1.14
2022-09-29,10.68,10.75,10.87,10.64,92674,100664243.0,2.17,1.61,0.17,0.94
2022-09-30,10.82,10.41,10.85,10.4,94684,100878333.0,4.19,-3.16,-0.34,0.96
2022-10-10,10.4,10.25,10.6,9.95,85798,89925217.0,6.24,-1.54,-0.16,0.87
2022-10-11,10.31,10.41,10.52,10.25,66374,69562645.0,2.63,1.56,0.16,0.67
2022-10-12,10.49,10.82,10.84,10.14,121276,128530809.0,6.72,3.94,0.41,1.23
2022-10-13,10.74,10.78,11.03,10.7,101767,111737484.0,3.05,-0.37,-0.04,1.03
2022-10-14,10.91,11.09,11.14,10.77,142993,158551118.0,3.43,2.88,0.31,1.45
2022-10-17,11.06,11.09,11.11,10.92,116242,129561150.0,1.71,0.0,0.0,1.18
2022-10-18,11.16,11.02,11.16,10.97,96947,108086292.0,1.71,-0.63,-0.07,0.98
2022-10-19,11.01,10.91,11.14,10.9,88272,98150950.0,2.18,-1.0,-0.11,0.89
2022-10-20,10.86,10.78,10.97,10.54,106853,115967492.0,3.94,-1.19,-0.13,1.08
2022-10-21,10.82,10.78,10.98,10.7,82096,89875894.0,2.6,0.0,0.0,0.83
2022-10-24,10.81,10.66,11.08,10.6,106339,116378419.0,4.45,-1.11,-0.12,1.08
2022-10-25,10.7,10.77,10.88,10.4,96981,104422174.0,4.5,1.03,0.11,0.98
2022-10-26,10.89,10.89,10.99,10.7,141061,154761708.0,2.69,1.11,0.12,1.43
2022-10-27,10.93,10.45,11.04,10.42,207708,223949916.0,5.69,-4.04,-0.44,2.1
2022-10-28,10.39,10.09,10.51,10.0,164143,168909486.0,4.88,-3.44,-0.36,1.66
2022-10-31,9.77,9.81,9.95,9.45,210067,206794924.0,4.96,-2.78,-0.28,2.12
2022-11-01,9.82,10.38,10.38,9.81,162293,166784028.0,5.81,5.81,0.57,1.64
2022-11-02,10.35,10.56,10.69,10.34,187807,199300012.0,3.37,1.73,0.18,1.9
2022-11-03,10.45,10.63,10.81,10.38,156653,168492592.0,4.07,0.66,0.07,1.58
2022-11-04,10.65,11.07,11.13,10.58,223793,247435762.0,5.17,4.14,0.44,2.26
2022-11-07,11.09,11.07,11.28,11.02,149330,167600671.0,2.35,0.0,0.0,1.51
2022-11-08,11.09,11.09,11.13,10.81,167327,185496684.0,2.89,0.18,0.02,1.69
2022-11-09,11.16,10.87,11.29,10.82,195305,218372956.0,4.24,-1.98,-0.22,1.97
2022-11-10,10.87,10.55,10.87,10.47,171979,184014692.0,3.68,-2.94,-0.32,1.74
2022-11-11,10.9,10.67,10.95,10.58,134508,145637806.0,3.51,1.14,0.12,1.36
2022-11-14,10.89,10.44,10.94,10.4,169723,182849133.0,5.06,-2.16,-0.23,1.72
2022-11-15,10.4,10.72,10.76,10.31,135560,145445996.0,4.31,2.68,0.28,1.37
2022-11-16,10.79,10.56,10.81,10.53,103171,110807795.0,2.61,-1.49,-0.16,1.04
2022-11-17,10.61,10.39,10.61,10.28,127948,133772990.0,3.13,-1.61,-0.17,1.29
2022-11-18,10.37,10.22,10.46,10.22,106754,111394497.0,2.31,-1.64,-0.17,1.08
2022-11-21,10.22,10.3,10.4,10.1,113276,117296689.0,2.94,0.78,0.08,1.15
2022-11-22,10.58,10.34,10.77,10.23,229624,243083614.0,5.24,0.39,0.04,2.32
2022-11-23,10.19,10.36,10.44,10.07,148231,153641432.0,3.58,0.19,0.02,1.5
2022-11-24,10.35,10.37,10.58,10.29,107130,112673878.0,2.8,0.1,0.01,1.08
2022-11-25,10.34,10.19,10.4,10.18,85867,88864751.0,2.12,-1.74,-0.18,0.87
2022-11-28,10.15,10.21,10.26,10.02,74772,76589957.0,2.36,0.2,0.02,0.76
2022-11-29,10.25,10.35,10.4,10.15,94568,98386870.0,2.45,1.37,0.14,0.96
2022-11-30,10.33,10.35,10.44,10.27,84057,87857135.0,1.64,0.0,0.0,0.85
2022-12-01,10.44,10.36,10.54,10.34,116359,122606985.0,1.93,0.1,0.01,1.18
2022-12-02,10.32,10.29,10.43,10.23,91214,94900826.0,1.93,-0.68,-0.07,0.92
2022-12-05,10.34,10.51,10.52,10.27,150816,158328584.0,2.43,2.14,0.22,1.52
2022-12-06,10.6,10.54,10.84,10.52,218122,234523516.0,3.04,0.29,0.03,2.21
2022-12-07,10.51,10.7,10.77,10.49,154892,166777795.0,2.66,1.52,0.16,1.57
2022-12-08,10.72,10.58,10.76,10.52,130552,139976849.0,2.24,-1.12,-0.12,1.32
2022-12-09,10.57,10.5,10.61,10.45,114143,121033859.0,1.51,-0.76,-0.08,1.15
2022-12-12,10.5,10.66,10.73,10.48,206356,221185310.0,2.38,1.52,0.16,2.09
2022-12-13,10.65,10.81,11.09,10.65,280083,308373532.0,4.13,1.41,0.15,2.83
2022-12-14,10.73,10.65,10.88,10.59,131230,142078634.0,2.68,-1.48,-0.16,1.33
2022-12-15,10.6,11.01,11.05,10.45,250925,275427073.0,5.63,3.38,0.36,2.54
2022-12-16,11.01,10.98,11.39,10.91,215246,240960899.0,4.36,-0.27,-0.03,2.18
2022-12-19,10.92,10.71,11.1,10.67,174765,191411206.0,3.92,-2.46,-0.27,1.77
2022-12-20,10.78,10.67,10.84,10.62,91186,98656380.0,2.05,-0.37,-0.04,0.92
2022-12-21,10.71,10.47,10.75,10.37,127849,135542697.0,3.56,-1.87,-0.2,1.29
2022-12-22,10.51,10.32,10.55,10.29,108809,114017638.0,2.48,-1.43,-0.15,1.1
2022-12-23,10.32,10.33,10.39,10.2,54566,56762027.0,1.84,0.1,0.01,0.55
2022-12-26,10.35,10.48,10.51,10.31,93889,98715625.0,1.94,1.45,0.15,0.95
2022-12-27,10.47,10.98,11.13,10.45,229027,250908683.0,6.49,4.77,0.5,2.32
2022-12-28,10.9,10.87,11.06,10.75,138325,151874398.0,2.82,-1.0,-0.11,1.4
2022-12-29,10.83,10.61,10.91,10.6,105205,113838154.0,2.85,-2.39,-0.26,1.06
2022-12-30,10.63,10.45,10.79,10.42,132395,140742766.0,3.49,-1.51,-0.16,1.34
2023-01-03,10.47,10.84,10.93,10.33,186823,201641345.0,5.74,3.73,0.39,1.89
2023-01-04,10.85,10.75,10.99,10.67,157260,171649367.0,2.95,-0.83,-0.09,1.59
2023-01-05,10.85,10.85,10.92,10.73,126676,138658863.0,1.77,0.93,0.1,1.28
2023-01-06,11.04,11.25,11.38,10.98,364818,412858801.0,3.69,3.69,0.4,3.69
2023-01-09,11.33,11.44,11.56,11.18,283350,326587653.0,3.38,1.69,0.19,2.86
2023-01-10,11.42,11.2,11.48,11.09,200305,226616189.0,3.41,-2.1,-0.24,2.03
2023-01-11,11.2,11.0,11.27,10.97,145419,162434320.0,2.68,-1.79,-0.2,1.47
2023-01-12,10.99,10.89,11.07,10.83,149619,165089835.0,2.18,-1.0,-0.11,1.51
2023-01-13,10.9,11.0,11.31,10.89,174879,194855523.0,3.86,1.01,0.11,1.77
2023-01-16,11.0,11.01,11.12,10.88,144975,161291080.0,2.18,0.09,0.01,1.47
2023-01-17,11.01,11.04,11.1,10.94,100497,111882113.0,1.45,0.27,0.03,1.02
2023-01-18,11.03,11.0,11.11,10.99,88262,98284889.0,1.09,-0.36,-0.04,0.89
2023-01-19,10.98,11.12,11.13,10.96,95149,106238414.0,1.55,1.09,0.12,0.96
2023-01-20,11.11,11.47,11.5,11.09,202232,232177720.0,3.69,3.15,0.35,2.04
2023-01-30,11.62,11.86,12.03,11.55,304691,363640853.0,4.18,3.4,0.39,3.08
2023-01-31,11.79,12.08,12.15,11.76,284944,343782778.0,3.29,1.85,0.22,2.88
2023-02-01,12.07,12.29,12.45,12.01,346917,428475699.0,3.64,1.74,0.21,3.51
2023-02-02,12.32,12.0,12.35,11.95,302282,368301333.0,3.25,-2.36,-0.29,3.06
2023-02-03,11.95,11.81,12.02,11.67,203974,242543114.0,2.92,-1.58,-0.19,2.06
2023-02-06,11.8,11.73,11.82,11.61,160768,189623622.0,1.78,-0.68,-0.08,1.63
2023-02-07,11.73,11.82,11.89,11.63,172953,205052152.0,2.22,0.77,0.09,1.75
2023-02-08,11.79,11.63,11.86,11.62,113475,134070879.0,2.03,-1.61,-0.19,1.15
2023-02-09,11.59,11.9,11.92,11.54,156488,186194683.0,3.27,2.32,0.27,1.58
2023-02-10,11.89,11.69,11.92,11.6,142614,168453718.0,2.69,-1.76,-0.21,1.44
2023-02-13,11.6,11.8,11.92,11.6,173018,206110101.0,2.74,0.94,0.11,1.75
2023-02-14,11.84,11.8,11.95,11.71,138615,165028968.0,2.03,0.0,0.0,1.4
2023-02-15,11.83,11.63,11.85,11.62,126545,149143566.0,1.95,-1.44,-0.17,1.28
2023-02-16,11.66,11.09,11.66,11.01,312663,358122893.0,5.59,-4.64,-0.54,3.16
2023-02-17,11.09,11.07,11.23,10.99,134899,151200737.0,2.16,-0.18,-0.02,1.36
2023-02-20,11.09,11.15,11.17,10.87,165344,183968935.0,2.71,0.72,0.08,1.67
2023-02-21,11.18,11.27,11.32,11.11,148855,168744195.0,1.88,1.08,0.12,1.5
2023-02-22,11.2,11.17,11.28,11.12,109453,123615933.0,1.42,-0.89,-0.1,1.11
2023-02-23,11.18,11.29,11.32,11.14,98231,111579531.0,1.61,1.07,0.12,0.99
2023-02-24,11.26,11.14,11.29,11.05,82211,92228077.0,2.13,-1.33,-0.15,0.83
2023-02-27,11.1,11.01,11.15,10.98,80290,89543218.0,1.53,-1.17,-0.13,0.81
2023-02-28,11.05,11.07,11.1,10.93,83396,92671778.0,1.54,0.54,0.06,0.84
2023-03-01,11.05,11.08,11.1,10.99,87895,97967040.0,0.99,0.09,0.01,0.89
2023-03-02,10.81,10.3,10.82,10.2,580501,606627719.0,5.6,-7.04,-0.78,5.87
2023-03-03,10.25,10.26,10.32,10.13,178625,184291520.0,1.84,-0.39,-0.04,1.81
2023-03-06,10.2,10.27,10.3,10.2,130557,135087934.0,0.97,0.1,0.01,1.32
2023-03-07,10.27,10.07,10.28,10.06,143102,146742850.0,2.14,-1.95,-0.2,1.45
2023-03-08,10.02,10.05,10.09,9.97,91089,92375630.0,1.19,-0.2,-0.02,0.92
2023-03-09,10.1,10.07,10.13,10.0,73281,74485961.0,1.29,0.2,0.02,0.74
2023-03-10,10.06,9.97,10.18,9.92,117176,118725855.0,2.58,-0.99,-0.1,1.18
2023-03-13,9.91,9.89,9.98,9.81,95292,95160160.0,1.71,-0.8,-0.08,0.96
2023-03-14,9.9,9.74,9.91,9.53,128125,125688299.0,3.84,-1.52,-0.15,1.3
2023-03-15,9.78,9.8,9.86,9.78,77976,77332217.0,0.82,0.62,0.06,0.79
2023-03-16,9.8,9.56,9.82,9.53,100008,97250227.0,2.96,-2.45,-0.24,1.01
2023-03-17,9.61,9.6,9.68,9.57,71323,69342976.0,1.15,0.42,0.04,0.72
2023-03-20,9.64,9.66,9.71,9.54,78294,76167220.0,1.77,0.63,0.06,0.79
2023-03-21,9.7,9.82,9.82,9.65,85652,84518790.0,1.76,1.66,0.16,0.87
2023-03-22,9.83,9.76,9.88,9.73,96453,95461187.0,1.53,-0.61,-0.06,0.98
2023-03-23,9.76,9.72,9.76,9.68,95790,93949696.0,0.82,-0.41,-0.04,0.97
2023-03-24,9.99,9.79,10.05,9.77,170013,169614749.0,2.88,0.72,0.07,1.72
2023-03-27,9.79,9.63,9.82,9.6,127537,124548269.0,2.25,-1.63,-0.16,1.29
2023-03-28,9.63,9.47,9.66,9.46,113763,109432636.0,2.08,-1.66,-0.16,1.15
2023-03-29,9.48,9.41,9.53,9.4,83358,79533428.0,1.37,-0.63,-0.06,0.84
2023-03-30,9.41,9.42,9.45,9.19,102213,96401935.0,2.76,0.11,0.01,1.03
2023-03-31,9.43,9.5,9.57,9.41,76103,73060799.0,1.7,0.85,0.08,0.77
2023-04-03,9.5,9.66,9.69,9.47,104162,101265518.0,2.32,1.68,0.16,1.05
2023-04-04,9.64,9.53,9.66,9.51,90612,87480366.0,1.55,-1.35,-0.13,0.92
2023-04-06,9.54,9.57,9.62,9.44,75170,72456857.0,1.89,0.42,0.04,0.76
2023-04-07,9.58,9.53,9.6,9.5,62399,60089675.0,1.04,-0.42,-0.04,0.63
2023-04-10,9.51,9.44,9.55,9.4,76734,73294016.0,1.57,-0.94,-0.09,0.78
2023-04-11,9.42,9.53,9.55,9.34,79953,76497385.0,2.22,0.95,0.09,0.81
2023-04-12,9.55,9.69,9.7,9.46,122192,118689494.0,2.52,1.68,0.16,1.24
2023-04-13,9.69,9.54,9.75,9.53,94519,91963600.0,2.27,-1.55,-0.15,0.96
2023-04-14,9.52,9.55,9.64,9.52,60258,58339229.0,1.26,0.1,0.01,0.61
2023-04-17,9.62,9.67,9.7,9.53,87629,85347779.0,1.78,1.26,0.12,0.89
2023-04-18,9.68,9.64,9.7,9.58,79382,77199609.0,1.24,-0.31,-0.03,0.8
2023-04-19,9.61,9.41,9.65,9.4,111779,107656039.0,2.59,-2.39,-0.23,1.13
2023-04-20,9.41,9.07,9.43,9.06,195132,180332981.0,3.93,-3.61,-0.34,1.97
2023-04-21,9.09,8.74,9.1,8.7,204700,183091965.0,4.41,-3.64,-0.33,2.07
2023-04-24,8.63,8.39,8.69,8.35,205794,175659227.0,3.89,-4.0,-0.35,2.08
2023-04-25,8.36,8.23,8.46,8.12,115786,96994074.0,4.05,-1.91,-0.16,1.17
2023-04-26,8.23,8.46,8.62,8.21,143966,123442061.0,4.98,2.79,0.23,1.46
2023-04-27,8.46,8.38,8.49,8.31,85902,72757891.0,2.13,-0.95,-0.08,0.87
2023-04-28,8.37,8.32,8.47,8.3,109521,92488663.0,2.03,-0.72,-0.06,1.11
2023-05-04,8.27,8.24,8.36,8.2,95980,80221225.0,1.92,-0.96,-0.08,0.97
2023-05-05,8.23,8.0,8.23,7.98,143029,116707070.0,3.03,-2.91,-0.24,1.45
2023-05-08,7.99,8.14,8.16,7.98,81529,66921355.0,2.25,1.75,0.14,0.82
2023-05-09,8.11,8.11,8.35,8.03,126880,105015653.0,3.93,-0.37,-0.03,1.28
2023-05-10,8.09,8.1,8.15,8.04,94516,77483732.0,1.36,-0.12,-0.01,0.96
2023-05-11,8.11,8.18,8.24,8.07,73460,60643040.0,2.1,0.99,0.08,0.74
2023-05-12,8.16,8.03,8.23,8.01,74391,60797271.0,2.69,-1.83,-0.15,0.75
2023-05-15,8.01,8.15,8.15,8.01,55299,45368153.0,1.74,1.49,0.12,0.56
2023-05-16,8.15,8.08,8.16,8.05,57404,46919682.0,1.35,-0.86,-0.07,0.58
2023-05-17,8.09,8.07,8.12,8.03,47544,38830454.0,1.11,-0.12,-0.01,0.48
2023-05-18,8.1,8.04,8.12,8.01,57215,46662442.0,1.36,-0.37,-0.03,0.58
2023-05-19,8.01,8.04,8.06,7.95,56815,46081126.0,1.37,0.0,0.0,0.57
2023-05-22,8.02,8.13,8.15,8.02,62569,51260473.0,1.62,1.12,0.09,0.63
2023-05-23,8.12,7.93,8.13,7.93,142368,115687650.0,2.46,-2.46,-0.2,1.35
2023-05-24,7.94,8.04,8.13,7.83,123359,100127902.0,3.78,1.39,0.11,1.17
2023-05-25,8.02,8.01,8.07,7.91,64688,52313480.0,1.99,-0.37,-0.03,0.61
2023-05-26,7.99,7.88,7.99,7.76,112150,89400903.0,2.87,-1.62,-0.13,1.06
2023-05-29,7.9,7.78,7.94,7.75,85308,67513826.0,2.41,-1.27,-0.1,0.81
2023-05-30,7.81,7.83,7.84,7.66,70188,55075861.0,2.31,0.64,0.05,0.66
2023-05-31,7.82,7.68,7.82,7.68,77124,60318549.0,1.79,-1.92,-0.15,0.73
2023-06-01,7.71,7.74,7.82,7.6,83074,65113832.0,2.86,0.78,0.06,0.79
2023-06-02,7.72,7.99,8.02,7.72,134155,107582881.0,3.88,3.23,0.25,1.27
2023-06-05,8.0,7.98,8.03,7.94,58521,47312695.0,1.13,-0.13,-0.01,0.55
2023-06-06,8.01,7.77,8.01,7.75,85498,68021841.0,3.26,-2.63,-0.21,0.81
2023-06-07,7.78,7.63,7.8,7.62,71708,55881753.0,2.32,-1.8,-0.14,0.68
2023-06-08,7.63,7.57,7.69,7.54,65574,50470088.0,1.97,-0.79,-0.06,0.62
2023-06-09,7.58,7.59,7.61,7.43,99151,75706697.0,2.38,0.26,0.02,0.94
2023-06-12,7.57,7.72,7.78,7.52,89036,69052596.0,3.43,1.71,0.13,0.84
2023-06-13,7.7,7.84,7.94,7.67,102367,81114958.0,3.5,1.55,0.12,0.97
2023-06-14,7.85,7.69,7.88,7.68,63673,49954995.0,2.55,-1.91,-0.15,0.6
2023-06-15,7.69,7.88,7.89,7.63,106859,84570928.0,3.38,2.47,0.19,1.01
2023-06-16,7.89,7.97,8.0,7.83,107195,86122519.0,2.16,1.14,0.09,1.02
2023-06-19,7.98,7.9,8.01,7.9,68196,54793383.0,1.38,-0.88,-0.07,0.65
2023-06-20,7.93,7.97,8.03,7.85,89312,71884461.0,2.28,0.89,0.07,0.85
2023-06-21,7.95,7.82,8.03,7.81,73798,59002320.0,2.76,-1.88,-0.15,0.7
2023-06-26,7.8,7.94,8.11,7.73,157416,126693566.0,4.86,1.53,0.12,1.49
2023-06-27,7.9,7.92,7.98,7.84,85161,68181278.0,1.76,-0.25,-0.02,0.81
2023-06-28,7.95,7.84,7.96,7.73,97194,76801448.0,2.9,-1.01,-0.08,0.92
2023-06-29,7.8,8.63,8.63,7.78,446327,376034739.0,10.84,10.08,0.79,4.23
2023-06-30,8.66,8.77,8.97,8.52,630303,561224076.0,5.21,1.62,0.14,5.97
2023-07-03,8.85,8.7,8.86,8.65,360945,318829938.0,2.39,-0.8,-0.07,3.42
2023-07-04,8.7,8.7,8.86,8.64,212621,187375159.0,2.53,0.0,0.0,2.01
2023-07-05,8.72,9.36,9.58,8.64,759813,700161966.0,10.8,7.59,0.66,7.2
2023-07-06,9.15,8.98,9.16,8.91,397762,361652428.0,2.67,-4.06,-0.38,3.77
2023-07-07,8.99,8.77,8.99,8.64,233320,204357904.0,3.9,-2.34,-0.21,2.21
2023-07-10,8.76,8.72,8.83,8.67,145610,126994905.0,1.82,-0.57,-0.05,1.38
2023-07-11,8.71,8.92,8.93,8.58,229576,200576319.0,4.01,2.29,0.2,2.17
2023-07-12,8.84,8.78,9.15,8.71,299985,265907680.0,4.93,-1.57,-0.14,2.84
2023-07-13,8.75,8.75,8.84,8.71,149663,131273609.0,1.48,-0.34,-0.03,1.42
2023-07-14,8.76,8.54,8.76,8.51,187043,160970183.0,2.86,-2.4,-0.21,1.77
2023-07-17,8.15,8.01,8.15,7.87,261942,208737809.0,3.28,-6.21,-0.53,2.48
2023-07-18,8.01,8.06,8.09,7.92,125753,100750488.0,2.12,0.62,0.05,1.19
2023-07-19,7.99,7.98,8.08,7.95,76162,60845086.0,1.61,-0.99,-0.08,0.72
2023-07-20,7.98,7.89,8.04,7.88,89857,71518549.0,2.01,-1.13,-0.09,0.85
2023-07-21,7.86,7.87,7.96,7.83,68844,54274102.0,1.65,-0.25,-0.02,0.65
2023-07-24,7.85,7.82,7.89,7.8,57775,45231935.0,1.14,-0.64,-0.05,0.55
2023-07-25,7.87,7.94,7.96,7.87,73785,58448768.0,1.15,1.53,0.12,0.7
2023-07-26,7.96,7.91,7.96,7.86,62595,49462585.0,1.26,-0.38,-0.03,0.59
2023-07-27,7.93,7.85,7.96,7.83,60800,48009987.0,1.64,-0.76,-0.06,0.58
2023-07-28,7.83,7.92,7.96,7.78,69763,54994960.0,2.29,0.89,0.07,0.66
2023-07-31,7.93,8.04,8.05,7.93,89770,72013153.0,1.52,1.52,0.12,0.85
2023-08-01,8.03,8.13,8.14,7.97,131430,105960655.0,2.11,1.12,0.09,1.24
2023-08-02,8.12,8.06,8.25,8.05,114862,93415262.0,2.46,-0.86,-0.07,1.09
2023-08-03,8.06,8.02,8.07,7.97,58398,46786162.0,1.24,-0.5,-0.04,0.55
2023-08-04,8.07,8.02,8.09,7.99,73597,59093194.0,1.25,0.0,0.0,0.7
2023-08-07,8.02,8.35,8.35,7.99,258740,213710711.0,4.49,4.11,0.33,2.45
2023-08-08,8.3,8.24,8.3,8.17,135406,111301035.0,1.56,-1.32,-0.11,1.28
2023-08-09,8.17,8.27,8.29,8.14,98114,80634789.0,1.82,0.36,0.03,0.93
2023-08-10,8.27,8.18,8.28,8.16,62977,51657147.0,1.45,-1.09,-0.09,0.6
2023-08-11,8.18,7.97,8.22,7.97,84429,68053486.0,3.06,-2.57,-0.21,0.8
2023-08-14,7.89,8.0,8.05,7.83,80126,63398118.0,2.76,0.38,0.03,0.76
2023-08-15,7.97,7.99,8.07,7.89,45118,35978408.0,2.25,-0.13,-0.01,0.43
2023-08-16,7.94,7.94,8.04,7.91,36618,29232219.0,1.63,-0.63,-0.05,0.35
2023-08-17,7.92,7.95,7.99,7.88,46873,37206528.0,1.39,0.13,0.01,0.44
2023-08-18,7.93,7.65,7.98,7.63,101563,79110381.0,4.4,-3.77,-0.3,0.96
2023-08-21,7.62,7.65,7.79,7.62,48729,37529438.0,2.22,0.0,0.0,0.46
2023-08-22,7.66,7.69,7.73,7.59,53115,40630870.0,1.83,0.52,0.04,0.5
2023-08-23,7.69,7.51,7.69,7.5,44920,34064417.0,2.47,-2.34,-0.18,0.43
2023-08-24,7.57,7.38,7.59,7.32,75465,56074893.0,3.6,-1.73,-0.13,0.71
2023-08-25,7.39,7.16,7.4,7.13,82910,60091498.0,3.66,-2.98,-0.22,0.79
2023-08-28,7.46,7.25,7.53,7.2,128291,94906501.0,4.61,1.26,0.09,1.21
2023-08-29,7.25,7.44,7.49,7.23,88551,65625334.0,3.59,2.62,0.19,0.84
2023-08-30,7.44,7.35,7.52,7.3,96307,71260511.0,2.96,-1.21,-0.09,0.91
2023-08-31,7.27,7.12,7.28,7.07,121249,86533699.0,2.86,-3.13,-0.23,1.15
2023-09-01,7.11,7.11,7.17,7.09,59817,42586159.0,1.12,-0.14,-0.01,0.57
2023-09-04,7.15,7.37,7.37,7.12,115544,84066813.0,3.52,3.66,0.26,1.09
2023-09-05,7.33,7.34,7.37,7.27,62529,45720581.0,1.36,-0.41,-0.03,0.59
2023-09-06,7.33,7.41,7.42,7.25,67658,49654145.0,2.32,0.95,0.07,0.64
2023-09-07,7.42,7.22,7.42,7.21,88068,64059585.0,2.83,-2.56,-0.19,0.83
2023-09-08,7.22,7.24,7.3,7.18,40941,29627851.0,1.66,0.28,0.02,0.39
2023-09-11,7.24,7.35,7.39,7.18,73930,54079780.0,2.9,1.52,0.11,0.7
2023-09-12,7.37,7.35,7.41,7.32,55950,41182528.0,1.22,0.0,0.0,0.53
2023-09-13,7.35,7.24,7.36,7.2,53954,39184920.0,2.18,-1.5,-0.11,0.51
2023-09-14,7.25,7.18,7.25,7.15,41474,29815374.0,1.38,-0.83,-0.06,0.39
2023-09-15,7.21,7.25,7.27,7.18,45002,32456244.0,1.25,0.97,0.07,0.43
2023-09-18,7.23,7.31,7.34,7.17,57908,42219017.0,2.34,0.83,0.06,0.55
2023-09-19,7.26,7.21,7.3,7.17,52331,37737960.0,1.78,-1.37,-0.1,0.5
2023-09-20,7.19,7.15,7.22,7.15,33831,24286167.0,0.97,-0.83,-0.06,0.32
2023-09-21,7.17,7.11,7.19,7.08,43588,31035851.0,1.54,-0.56,-0.04,0.41
2023-09-22,7.08,7.23,7.25,7.05,60414,43265301.0,2.81,1.69,0.12,0.57
2023-09-25,7.23,7.21,7.25,7.17,47705,34375384.0,1.11,-0.28,-0.02,0.45
2023-09-26,7.21,7.11,7.21,7.1,38149,27229759.0,1.53,-1.39,-0.1,0.36
2023-09-27,7.11,7.14,7.23,7.09,50225,35961102.0,1.97,0.42,0.03,0.48
2023-09-28,7.14,7.16,7.2,7.12,44110,31549661.0,1.12,0.28,0.02,0.42
2023-10-09,7.16,7.11,7.18,7.09,38967,27726446.0,1.26,-0.7,-0.05,0.37
2023-10-10,7.14,7.12,7.19,7.11,37035,26447536.0,1.13,0.14,0.01,0.35
2023-10-11,7.15,7.19,7.28,7.11,76454,55094435.0,2.39,0.98,0.07,0.72
2023-10-12,7.25,7.34,7.35,7.21,82690,60308736.0,1.95,2.09,0.15,0.78
2023-10-13,7.31,7.29,7.32,7.24,53696,39073071.0,1.09,-0.68,-0.05,0.51
2023-10-16,7.29,7.06,7.29,7.03,111876,79642575.0,3.57,-3.16,-0.23,1.06
2023-10-17,7.07,7.02,7.07,6.98,49805,34959653.0,1.27,-0.57,-0.04,0.47
2023-10-18,7.02,6.84,7.04,6.8,72027,49597844.0,3.42,-2.56,-0.18,0.68
2023-10-19,6.79,6.76,6.93,6.75,62635,42742849.0,2.63,-1.17,-0.08,0.59
2023-10-20,6.76,6.83,6.94,6.74,66530,45705320.0,2.96,1.04,0.07,0.63
2023-10-23,6.8,6.53,6.8,6.52,77928,51640609.0,4.1,-4.39,-0.3,0.74
2023-10-24,6.53,6.69,6.78,6.51,89745,59607233.0,4.13,2.45,0.16,0.85
2023-10-25,6.7,6.79,6.85,6.68,84244,57317154.0,2.54,1.49,0.1,0.8
2023-10-26,6.77,6.83,6.85,6.65,87620,59115845.0,2.95,0.59,0.04,0.83
2023-10-27,6.83,6.89,6.93,6.75,78228,53660306.0,2.64,0.88,0.06,0.74
2023-10-30,6.85,6.96,6.98,6.8,72274,50073051.0,2.61,1.02,0.07,0.68
2023-10-31,6.94,6.95,7.01,6.89,60097,41684610.0,1.72,-0.14,-0.01,0.57
2023-11-01,6.95,7.0,7.02,6.91,75038,52410278.0,1.58,0.72,0.05,0.71
2023-11-02,7.01,6.92,7.06,6.9,75472,52410921.0,2.29,-1.14,-0.08,0.71
2023-11-03,6.95,7.08,7.13,6.9,86301,60938010.0,3.32,2.31,0.16,0.81
2023-11-06,7.2,7.28,7.29,7.18,123805,89763439.0,1.55,2.82,0.2,1.16
2023-11-07,7.27,7.35,7.39,7.2,108507,79434331.0,2.61,0.96,0.07,1.02
2023-11-08,7.37,7.27,7.38,7.23,83147,60653294.0,2.04,-1.09,-0.08,0.78
2023-11-09,7.25,7.24,7.33,7.22,68462,49804887.0,1.51,-0.41,-0.03,0.64
2023-11-10,7.22,7.22,7.27,7.19,48575,35127538.0,1.1,-0.28,-0.02,0.46
2023-11-13,7.22,7.27,7.29,7.22,49820,36141207.0,0.97,0.69,0.05,0.47
2023-11-14,7.27,7.27,7.34,7.23,65458,47606523.0,1.51,0.0,0.0,0.62
2023-11-15,7.31,7.34,7.36,7.29,66980,49098808.0,0.96,0.96,0.07,0.63
2023-11-16,7.32,7.26,7.35,7.25,45334,33078909.0,1.36,-1.09,-0.08,0.43
2023-11-17,7.24,7.32,7.32,7.23,50573,36846308.0,1.24,0.83,0.06,0.48
2023-11-20,7.33,7.43,7.44,7.2,98720,72661270.0,3.28,1.5,0.11,0.93
2023-11-21,7.43,7.36,7.47,7.34,57643,42634753.0,1.75,-0.94,-0.07,0.54
2023-11-22,7.33,7.23,7.39,7.23,63497,46324749.0,2.17,-1.77,-0.13,0.6
2023-11-23,7.25,7.33,7.36,7.18,73964,53999391.0,2.49,1.38,0.1,0.7
2023-11-24,7.35,7.22,7.35,7.19,61924,44906547.0,2.18,-1.5,-0.11,0.58
2023-11-27,7.22,7.25,7.29,7.19,54867,39701320.0,1.39,0.42,0.03,0.52
2023-11-28,7.23,7.25,7.26,7.16,51125,36882170.0,1.38,0.0,0.0,0.48
2023-11-29,7.27,7.54,7.61,7.23,277879,207374695.0,5.24,4.0,0.29,2.61
2023-11-30,7.52,8.03,8.29,7.47,795980,636948764.0,10.88,6.5,0.49,7.48
2023-12-01,7.9,7.65,7.94,7.6,522986,403087459.0,4.23,-4.73,-0.38,4.92
2023-12-04,7.64,7.67,7.71,7.44,251252,191496997.0,3.53,0.26,0.02,2.36
2023-12-05,7.61,7.73,7.94,7.54,373772,291531084.0,5.22,0.78,0.06,3.51
2023-12-06,7.67,8.15,8.25,7.67,476356,385014588.0,7.5,5.43,0.42,4.48
2023-12-07,8.04,8.21,8.3,7.89,370459,301272142.0,5.03,0.74,0.06,3.48
2023-12-08,8.2,8.12,8.38,8.06,222834,182117821.0,3.9,-1.1,-0.09,2.09
2023-12-11,8.0,8.11,8.13,7.94,133162,107254998.0,2.34,-0.12,-0.01,1.25
2023-12-12,8.12,7.97,8.15,7.85,162142,128897299.0,3.7,-1.73,-0.14,1.52
2023-12-13,7.97,8.02,8.25,7.82,245422,197119011.0,5.4,0.63,0.05,2.31
2023-12-14,8.04,7.83,8.07,7.82,121665,96382775.0,3.12,-2.37,-0.19,1.14
2023-12-15,7.82,7.73,7.89,7.71,95454,74226786.0,2.3,-1.28,-0.1,0.9
2023-12-18,7.7,7.56,7.72,7.5,91388,69520154.0,2.85,-2.2,-0.17,0.86
2023-12-19,7.55,7.53,7.59,7.41,84889,63707544.0,2.38,-0.4,-0.03,0.8
2023-12-20,7.5,7.41,7.63,7.37,90354,67533720.0,3.45,-1.59,-0.12,0.85
2023-12-21,7.39,7.63,7.66,7.31,154724,116515307.0,4.72,2.97,0.22,1.45
2023-12-22,7.65,7.59,7.75,7.53,118265,90231392.0,2.88,-0.52,-0.04,1.11
2023-12-25,7.68,7.57,7.71,7.45,76577,57937011.0,3.43,-0.26,-0.02,0.72
2023-12-26,7.55,7.49,7.6,7.4,101100,75785030.0,2.64,-1.06,-0.08,0.95
2023-12-27,7.49,7.45,7.55,7.39,64406,47980658.0,2.14,-0.53,-0.04,0.61
2023-12-28,7.46,7.67,7.69,7.45,88835,67695845.0,3.22,2.95,0.22,0.84
2023-12-29,7.66,7.77,7.85,7.64,88589,68747775.0,2.74,1.3,0.1,0.83
2024-01-02,7.77,7.75,7.84,7.72,67611,52593570.0,1.54,-0.26,-0.02,0.64
2024-01-03,7.73,7.59,7.78,7.53,81619,62252917.0,3.23,-2.06,-0.16,0.77
2024-01-04,7.59,7.45,7.62,7.41,64319,48122507.0,2.77,-1.84,-0.14,0.6
2024-01-05,7.45,7.28,7.57,7.26,73761,54618716.0,4.16,-2.28,-0.17,0.69
2024-01-08,7.29,7.09,7.33,7.06,117516,84385100.0,3.71,-2.61,-0.19,1.1
2024-01-09,7.13,7.23,7.28,7.1,70632,50913384.0,2.54,1.97,0.14,0.66
2024-01-10,7.23,7.26,7.33,7.08,58436,42280567.0,3.46,0.41,0.03,0.55
2024-01-11,7.26,7.38,7.48,7.21,52071,38245781.0,3.72,1.65,0.12,0.49
2024-01-12,7.36,7.29,7.41,7.27,34879,25586976.0,1.9,-1.22,-0.09,0.33
2024-01-15,7.27,7.23,7.33,7.18,40268,29213669.0,2.06,-0.82,-0.06,0.38
2024-01-16,7.25,7.23,7.32,7.15,53892,38808395.0,2.35,0.0,0.0,0.51
2024-01-17,7.25,6.93,7.26,6.93,81903,57628258.0,4.56,-4.15,-0.3,0.77
2024-01-18,6.91,6.85,6.94,6.66,85588,58105681.0,4.04,-1.15,-0.08,0.8
2024-01-19,6.85,6.8,6.99,6.77,45425,31145702.0,3.21,-0.73,-0.05,0.43
2024-01-22,6.82,6.41,6.87,6.28,91684,60510279.0,8.68,-5.74,-0.39,0.86
2024-01-23,6.4,6.49,6.52,6.26,113385,72496929.0,4.06,1.25,0.08,1.07
2024-01-24,6.5,6.45,6.57,6.21,75753,48372205.0,5.55,-0.62,-0.04,0.71
2024-01-25,6.47,6.57,6.58,6.42,100763,65674841.0,2.48,1.86,0.12,0.95
2024-01-26,6.55,6.46,6.6,6.45,89115,58041947.0,2.28,-1.67,-0.11,0.84
2024-01-29,6.48,6.28,6.49,6.26,63708,40508550.0,3.56,-2.79,-0.18,0.6
2024-01-30,6.22,6.0,6.25,5.99,92389,56681931.0,4.14,-4.46,-0.28,0.87
2024-01-31,5.99,5.58,6.07,5.55,192625,110625418.0,8.67,-7.0,-0.42,1.81
2024-02-01,5.54,5.59,5.68,5.47,117008,65303973.0,3.76,0.18,0.01,1.1
2024-02-02,5.58,5.21,5.7,5.03,185268,98603616.0,11.99,-6.8,-0.38,1.74
2024-02-05,5.2,4.75,5.2,4.69,234867,113898010.0,9.79,-8.83,-0.46,2.21
2024-02-06,4.75,5.03,5.11,4.55,225230,109530610.0,11.79,5.89,0.28,2.12
2024-02-07,5.07,5.53,5.53,5.03,175871,95039536.0,9.94,9.94,0.5,1.65
2024-02-08,5.75,5.78,5.92,5.59,289351,166314659.0,5.97,4.52,0.25,2.72
2024-02-19,5.83,5.8,5.95,5.67,191243,110979778.0,4.84,0.35,0.02,1.8
2024-02-20,5.75,5.72,5.79,5.63,115342,65618308.0,2.76,-1.38,-0.08,1.08
2024-02-21,5.69,5.84,6.02,5.62,145478,85442521.0,6.99,2.1,0.12,1.37
2024-02-22,5.85,5.88,5.93,5.78,86883,50823853.0,2.57,0.68,0.04,0.82
2024-02-23,5.89,6.0,6.0,5.84,109471,64808000.0,2.72,2.04,0.12,1.03
2024-02-26,6.02,6.11,6.22,6.02,116965,71583753.0,3.33,1.83,0.11,1.1
2024-02-27,6.1,6.24,6.25,6.07,80216,49476692.0,2.95,2.13,0.13,0.75
2024-02-28,6.26,5.99,6.5,5.97,198467,123650798.0,8.49,-4.01,-0.25,1.87
2024-02-29,5.95,6.12,6.13,5.93,118271,71696734.0,3.34,2.17,0.13,1.11
2024-03-01,6.12,6.18,6.22,6.1,98578,60749476.0,1.96,0.98,0.06,0.93
2024-03-04,6.2,6.12,6.24,6.02,101571,62002857.0,3.56,-0.97,-0.06,0.95
2024-03-05,6.09,6.07,6.23,6.05,112223,68608750.0,2.94,-0.82,-0.05,1.05
2024-03-06,6.01,6.13,6.2,6.01,102939,62898458.0,3.13,0.99,0.06,0.97
2024-03-07,6.15,6.15,6.4,6.15,200163,125290325.0,4.08,0.33,0.02,1.88
2024-03-08,6.15,6.22,6.36,6.1,151414,93928915.0,4.23,1.14,0.07,1.42
2024-03-11,6.6,6.7,6.84,6.58,530989,356408118.0,4.18,7.72,0.48,4.99
2024-03-12,6.61,6.57,6.69,6.42,452876,296698754.0,4.03,-1.94,-0.13,4.26
2024-03-13,6.58,6.47,6.62,6.45,223609,145385234.0,2.59,-1.52,-0.1,2.1
2024-03-14,6.41,6.54,6.62,6.41,266432,174690142.0,3.25,1.08,0.07,2.5
2024-03-15,6.48,6.6,6.62,6.4,181006,117865894.0,3.36,0.92,0.06,1.7
2024-03-18,6.66,6.63,6.66,6.55,177462,117231401.0,1.67,0.45,0.03,1.67
2024-03-19,6.65,6.61,6.76,6.59,154570,103176010.0,2.56,-0.3,-0.02,1.45
2024-03-20,6.59,6.61,6.64,6.53,118371,77904621.0,1.66,0.0,0.0,1.11
2024-03-21,6.63,6.6,6.66,6.51,121534,79927783.0,2.27,-0.15,-0.01,1.14
2024-03-22,6.61,6.49,6.63,6.43,126370,82192640.0,3.03,-1.67,-0.11,1.19
2024-03-25,6.42,6.32,6.53,6.31,118646,76317885.0,3.39,-2.62,-0.17,1.12
2024-03-26,6.32,6.28,6.37,6.16,96484,60515358.0,3.32,-0.63,-0.04,0.91
2024-03-27,6.28,6.02,6.29,6.02,96322,59112732.0,4.3,-4.14,-0.26,0.91
2024-03-28,6.03,6.19,6.25,6.02,86809,53576933.0,3.82,2.82,0.17,0.82
2024-03-29,6.24,6.37,6.41,6.23,122421,77788894.0,2.91,2.91,0.18,1.15
2024-04-01,6.33,6.51,6.55,6.33,107977,69974299.0,3.45,2.2,0.14,1.01
2024-04-02,6.49,6.55,6.6,6.48,93966,61474811.0,1.84,0.61,0.04,0.88
2024-04-03,6.57,6.69,6.78,6.55,257926,172166880.0,3.51,2.14,0.14,2.42
2024-04-08,6.68,6.56,6.78,6.55,183526,122850483.0,3.44,-1.94,-0.13,1.73
2024-04-09,6.54,6.79,6.84,6.52,225758,151877354.0,4.88,3.51,0.23,2.12
2024-04-10,6.71,6.6,6.74,6.57,135861,90206838.0,2.5,-2.8,-0.19,1.28
2024-04-11,6.58,6.5,6.66,6.45,140964,92291983.0,3.18,-1.52,-0.1,1.32
2024-04-12,6.5,6.42,6.55,6.4,98261,63597818.0,2.31,-1.23,-0.08,0.92
2024-04-15,6.43,6.23,6.47,6.11,193195,120978039.0,5.61,-2.96,-0.19,1.82
2024-04-16,6.23,5.74,6.26,5.74,195977,116082677.0,8.35,-7.87,-0.49,1.84
2024-04-17,5.83,6.0,6.16,5.83,189837,113539864.0,5.75,4.53,0.26,1.78
2024-04-18,6.01,5.86,6.03,5.84,129467,76703142.0,3.17,-2.33,-0.14,1.22
2024-04-19,5.86,5.69,5.91,5.66,169083,97263726.0,4.27,-2.9,-0.17,1.59
2024-04-22,5.68,5.63,5.78,5.58,129624,73736215.0,3.51,-1.05,-0.06,1.22
2024-04-23,5.62,5.51,5.69,5.49,127647,70869327.0,3.55,-2.13,-0.12,1.2
2024-04-24,5.52,5.58,5.59,5.44,122273,67630483.0,2.72,1.27,0.07,1.15
2024-04-25,5.57,5.69,5.78,5.51,114790,65241018.0,4.84,1.97,0.11,1.08
2024-04-26,5.71,5.86,5.87,5.66,118862,68809771.0,3.69,2.99,0.17,1.12
2024-04-29,5.86,6.13,6.15,5.84,131224,79358525.0,5.29,4.61,0.27,1.23
2024-04-30,6.14,6.02,6.17,5.97,125293,75674752.0,3.26,-1.79,-0.11,1.18
2024-05-06,6.11,6.19,6.24,6.1,119960,74273029.0,2.33,2.82,0.17,1.13
2024-05-07,6.24,6.29,6.31,6.18,96531,60516877.0,2.1,1.62,0.1,0.91
2024-05-08,6.32,6.18,6.34,6.17,96830,60345499.0,2.7,-1.75,-0.11,0.91
2024-05-09,6.2,6.37,6.43,6.18,113459,72266697.0,4.05,3.07,0.19,1.07
2024-05-10,6.4,6.29,6.44,6.25,90189,56767706.0,2.98,-1.26,-0.08,0.85
2024-05-13,6.26,6.09,6.26,6.05,135733,83204696.0,3.34,-3.18,-0.2,1.28
2024-05-14,6.1,6.08,6.18,6.06,89897,54833602.0,1.97,-0.16,-0.01,0.84
2024-05-15,6.07,6.05,6.13,6.02,68025,41353821.0,1.81,-0.49,-0.03,0.64
2024-05-16,6.08,6.0,6.12,5.98,73948,44733673.0,2.31,-0.83,-0.05,0.7
2024-05-17,6.01,6.08,6.09,5.97,83762,50392301.0,2.0,1.33,0.08,0.79
2024-05-20,6.09,6.17,6.24,6.08,96727,59871180.0,2.63,1.48,0.09,0.91
2024-05-21,6.17,6.0,6.21,5.95,126004,76077987.0,4.21,-2.76,-0.17,1.18
2024-05-22,6.02,6.06,6.09,6.0,75194,45547631.0,1.5,1.0,0.06,0.71
